Jews	Judaism	Holocaust, Jewish (1939-1945)
War	World War, 1914-1918	World War, 1939-1945	Vietnam War, 1961-1975
Literature	Literature  American	Literature	English Literature	Authors, American
Music	Music	Popular Music	Musicals	Piano music	Jazz
language	Spanish language	French language	English language
Art	Operas	Photography, Artistic	Art, Modern	Poetry	American poetry	Motion pictures	Theater
Science	Science	Botany	Paleontology	Ethnology	Physics	Geology	Excavations (Archaeology)	Chemistry
Christianity	Christian life	Christianity	Theology	Sermons, American	Unitarian churches
Education	Universities and colleges	Teachers	Education, Higher
Politics	Political science	World politics	Elections	Presidents
Law Law	Constitutional law 	Law	reports, digests, etc
Math	Arithmetic	Mathematics
Finance	Economics	Finance, Public	Finance	Banks and banking	Corporations
Women	Women
Indians of North America	Indians of North America
African Americans	African Americans
Agriculture	Agriculture
Railroads	Railroads
Cooking, American	Cooking, American
Taxation	Taxation
City planning	City planning
Roads	Roads
Industries	Industries
Medicine	Medicine
Cooking	Cooking
Slavery	Slavery
Missions	Missions
Communism	Communism
Children	Children
National security	National security
Frontier and pioneer life	Frontier and pioneer life
Readers	Readers
Birds	Birds
Immigrants	Immigrants
Social sciences	Social sciences
Housing	Housing
Working class	Working class
Indians of Mexico	Indians of Mexico
Democracy	Democracy
Constitutional history	Constitutional history
Hymns, English	Hymns, English
Natural history	Natural history
Cities and towns	Cities and towns
Human rights	Human rights
Families	Families
Philosophy	Philosophy
Civil rights	Civil rights
Geography	Geography
Socialism	Socialism
Public opinion	Public opinion
Psychology	Psychology
Labor unions	Labor unions
Terrorism	Terrorism
Real property	Real property
Mines and mineral resources	Mines and mineral resources
