Language	German language	English language	French language	Russian language	Italian language	Language and languages
Literature	German literature	Russian literature	French literature	Italian literature	English literature
Art	Music	Operas	Theater	Motion pictures	Art, Modern	Piano music	Christian art and symbolism	Painting	Artists	English poetry	String quartets	Painters	Ballets	Symphonies		Composers
Law	Constitutional law	Criminal law	Civil law	Roman law	Conflict of laws	International law
Politics	Socialism	Political science	Communism	Church and state	Nationalism	World politics	Democracy	Politicians	Political parties	Human rights	Statesmen
Jews	Jewish cemeteries	Judaism	Holocaust, Jewish (1939-1945)	Synagogues
Science	Excavations (Archaeology)	Agriculture	Medicine	Botany	Geology	Sociology	Plants	Social sciences
Religion	Church history	Theology	Christianity	Theology, Doctrinal	Christian life		Islam
History	World War, 1939-1945	World War, 1914-1918	Constitutional history	Natural history
Education Economics	Philosophy	Ethics		Mathematics	Finance
War	World War, 1939-1945	World War, 1914-1918
Education	Education
Economics	Economics
Philosophy	Philosophy
Ethics	Ethics
Mathematics	Mathematics
Finance	Finance
Women	Women
Architecture	Architecture
Education	Education
Economics	Economics
Industries	Industries
Ethnology	Ethnology
Working class	Working class
Folklore	Folklore
Nobility	Nobility
City planning	City planning
Railroads	Railroads
Authors, German	Authors, German
Taxation	Taxation
Architecture, Modern	Architecture, Modern
Labor unions	Labor unions
Cities and towns	Cities and towns
Reformation	Reformation
Youth	Youth
Authors, French	Authors, French
French drama	French drama
Sermons, English	Sermons, English
Finance, Public	Finance, Public
Banks and banking	Banks and banking
Missions	Missions