Language	Arabic language	English language	Swahili language	Hausa language
Arabic	Arabic literature	Arabic poetry	Arabic fiction	Arabic drama	Arabs
Law	Islamic law	Constitutional law	Criminal law	Labor laws and legislation	Commercial law	Law reports, digests, etc	Administrative law	Civil law
Islam	Islam and politics	Islam and state	Islamic philosophy	Islamic civilization	Islamic ethics	Hadith	Sufism	Muslims	Malikites
Science	Agriculture	Geology	Social sciences	
Art	Music	Feature films	Theatre	Motion pictures	
Women	Women
Education	Education
Children's stories, Arabic	Children's stories, Arabic
Children's literature, Arabic	Children's literature, Arabic
Economic development	Economic development
Finance, Public	Finance, Public
Poverty	Poverty
Jews	Jews
Ethnology	Ethnology
Rural development	Rural development
Budget	Budget
Criminal procedure	Criminal procedure
Industries	Industries
AIDS (Disease)	AIDS (Disease)
Sustainable development	Sustainable development
Blacks	Blacks
Christianity	Christianity
Economics	Economics
Authors, Arab	Authors, Arab
Children	Children
Missions	Missions
Banks and banking	Banks and banking
Youth	Youth
Taxation	Taxation
Land tenure	Land tenure
Civil service	Civil service
Tourism	Tourism
Universities and colleges	Universities and colleges
Mass media	Mass media
Muslim scholars	Muslim scholars
Religious life	Religious life
Civil procedure	Civil procedure
Housing	Housing
Community development	Community development
Tales	Tales
Domestic relations	Domestic relations
Public administration	Public administration
Non-governmental organizations	Non-governmental organizations
Christianity and other religions	Christianity and other religions
Judaism	Judaism
