Jews	Jews	Judaism	Songs, Hebrew	Jewish sermons, Hebrew	Hebrew language	Holocaust, Jewish (1939-1945)	Orthodox Judaism	Orthodox Jews	Jewish ethics
Law	Jewish Law	Jewish Law	Islamic Law	Constitutional Law	Criminal Law	Civil law
Japanese	Japanese language	Japanese literature	Sino-Japanese War, 1937-1945	Japanese poetry	Authors, Japanese
Chinese	Chinese literature	Chinese literature	Chinese poetry	Chinese fiction	Calligraphy, Chinese	Authors, Chinese	Philosophy, Chinese	Painting, Chinese	Chinese essays	Inscriptions, Chinese	Chinese	Medicine, Chinese	Chinese drama
Politics	Political science	World Politics	Politicians	Political parties	Elections
Arabic language	Arabic poetry	Arab-Israeli conflict	Arabic literature	Palestinian Arabs
Finance	Financial statements	Finance, Public	Finance	Stock exchanges
Language   Hebrew Language	Japanese language	Korean language	English Language	Hebrew language
literature	Japanese literature	Chinese literature	Korean literature	Literature
Islam	Islam
Education	Education
Music	Music
Women	Women
Buddhism	Buddhism
Excavations (Archaeology)	Excavations (Archaeology)
Agriculture	Agriculture
Communism	Communism
World War, 1939-1945	World War, 1939-1945
Kibbutzim	Kibbutzim
Theater	Theater
Hadith	Hadith
Statesmen	Statesmen
Ethnology	Ethnology
Art	Art
Industries	Industries
Muslims	Muslims
Architecture	Architecture
Motion pictures	Motion pictures
Generals	Generals
Economics	Economics
Theater programs	Theater programs
Hasidism	Hasidism
Local government	Local government
Shīʻah	Shīʻah
Folklore	Folklore
Taxation	Taxation
Names, Geographical	Names, Geographical
Zionism	Zionism
Sufism	Sufism
Nationalism	Nationalism
Science	Science
Rural development	Rural development
Socialism	Socialism
Feature films	Feature films
Civil service	Civil service
Youth	Youth
Urdu literature	Urdu literature
Banks and banking	Banks and banking
City planning	City planning
Philosophy	Philosophy
Kurds	Kurds
Industrial management	Industrial management
Responsa	Responsa
Tales	Tales
Universities and colleges	Universities and colleges
Human rights	Human rights
Cities and towns	Cities and towns
Cabala	Cabala
