Jews	Jews	Judaism
Law	Law	Criminal law	Constitutional law	Civil law	Labor laws and legislation	Commercial law	International law	Administrative law	Conflict of laws
Language	Spanish language	Portuguese language
Literature	Literature	Brazilian literature	Authors, Brazilian	Authors, Argentine	Argentine literature
Politics	Politicians	Political science	Political corruption	Elections	World politics	Statesmen	Political parties	Political participation	Decentralization in government	Presidents
Science	Science	Botany
Finance	Finance	Banks and banking	Economics	Economic development	Finance, Public
Art		Argentine poetry	Theater	Motion pictures	Brazilian poetry
Music	Music	Popular music
Education	Education, Higher	Universities and colleges	Education and state	Education
Indians of South America	Indians of South America
Women	Women
Agriculture	Agriculture
Human rights	Human rights
Blacks	Blacks
Criminal procedure	Criminal procedure
Democracy	Democracy
Civil procedure	Civil procedure
Constitutional history	Constitutional history
Socialism	Socialism
Architecture	Architecture
Folklore	Folklore
Taxation	Taxation
Labor unions	Labor unions
Industries	Industries
Immigrants	Immigrants
Communism	Communism
Excavations (Archaeology)	Excavations (Archaeology)
Chapbooks, Brazilian	Chapbooks, Brazilian
City planning	City planning
Petroleum industry and trade	Petroleum industry and trade
Working class	Working class
Civil rights	Civil rights
Violence	Violence
Social security	Social security
Church and state	Church and state
Social sciences	Social sciences
Globalization	Globalization
Sustainable development	Sustainable development
Guerrillas	Guerrillas
Incas	Incas
Youth	Youth
Ethnology	Ethnology
Constitutions	Constitutions
Justice, Administration of	Justice, Administration of
Social movements	Social movements
Zionism	Zionism
Regional planning	Regional planning
Land tenure	Land tenure
Journalism	Journalism
Urbanization	Urbanization
Medicine	Medicine
Peronism	Peronism
Children	Children
Philosophy	Philosophy
Cities and towns	Cities and towns
Nationalism	Nationalism
Journalists	Journalists
Poverty	Poverty
Railroads	Railroads
Popular culture	Popular culture
Housing	Housing
