Jews	Synagogues	Judaism	Songs, Hebrew	Jewish cemeteries	Holocaust, Jewish (1939-1945)
Law	Constitutional law	Criminal law	Labor laws and legislation	Civil law	Commercial law	Law reports, digests, etc
Language	English language	German language Chinese language	French Language	Arabic language	Spanish language	Russian language
Religion	Christianity	Church history	Christian life	Islam	Buddhism	Theology
Politics	Political science	Communism	Socialism	Nationalism Democracy	Presidents	Statesmen	Constitutional history	Church and state	Political parties	Elections	Local government	Politicians World politics
Literature	Chinese literature	German literature	Russian literature
Art	Music	Operas	Theater	Motion pictures	Art, Modern	Chinese poetry	Piano music	Painting	Artists	Jazz	Symphonies
Science	Agriculture	Geology	Medicine	Botany	Social sciences	Sociology	Natural history	Plants	Excavations (Archaeology)
Education	Education
Children	Youth	Children
War World War, 1939-1945	World War, 1914-1918
Women	Women
Architecture	Architecture
Industries	Industries
Ethnology	Ethnology
Indians of North America	Indians of North America
Taxation	Taxation
Railroads	Railroads
City planning	City planning
Working class	Working class
Folklore	Folklore
Human rights	Human rights
Finance, Public	Finance, Public
Banks and banking	Banks and banking
African Americans	African Americans
Labor unions	Labor unions
Cities and towns	Cities and towns
Missions	Missions
Criminal procedure	Criminal procedure
Economic development	Economic development
Civil procedure	Civil procedure
Roads	Roads
Regional planning	Regional planning
Economics	Economics
Philosophy	Philosophy
Universities and colleges	Universities and colleges
History	History
Mathematics	Mathematics
Finance	Finance
Ethics	Ethics
